,ols_coef,ols_p,logit_coef,logit_ci_low,logit_ci_high,logit_p,odds_ratio
const,0.172209,0.0,-2.816531,-2.960376,-2.672687,0.0,0.059813
age,0.02959,0.0,0.361581,0.320726,0.402436,0.0,1.435597
education_num,0.079844,0.0,0.757155,0.712964,0.801346,0.0,2.132201
hours_per_week,0.033116,0.0,0.368277,0.331542,0.405012,0.0,1.445242
capital_gain,0.081297,0.0,0.514136,0.484107,0.544164,0.0,1.672193
capital_loss,0.037631,0.0,0.234745,0.20647,0.263019,0.0,1.264586
workclass_Government,-0.00156,0.792361,-0.018761,-0.117946,0.080424,0.710843,0.981414
workclass_No-pay,-0.020447,0.767838,-0.761119,-2.34627,0.824032,0.34666,0.467143
workclass_Self-emp-inc,0.060675,0.0,0.179236,0.021449,0.337023,0.025988,1.196303
workclass_Self-emp-not-inc,-0.067014,0.0,-0.512834,-0.631527,-0.394141,0.0,0.598796
marital_status_Div-Sep,0.005144,0.390261,0.450186,0.308385,0.591986,0.0,1.568603
marital_status_Married,0.28436,0.0,2.585812,2.471657,2.699968,0.0,13.274067
marital_status_Widowed,0.016191,0.189125,0.497102,0.224183,0.770021,0.000357,1.64395
occupation_Adm-clerical,-0.103216,0.0,-0.5074,-0.649769,-0.365031,0.0,0.602059
occupation_Craft-repair,-0.127004,0.0,-0.541668,-0.674507,-0.408829,0.0,0.581777
occupation_Exec-managerial,0.028822,0.000135,0.211686,0.095379,0.327992,0.000361,1.235759
occupation_Farming-fishing,-0.198242,0.0,-1.563807,-1.814189,-1.313425,0.0,0.209338
occupation_Handlers-cleaners,-0.149338,0.0,-1.248682,-1.499507,-0.997858,0.0,0.286883
occupation_Machine-op-inspct,-0.151097,0.0,-0.888559,-1.069208,-0.707911,0.0,0.411248
occupation_Other-service,-0.118416,0.0,-1.358192,-1.565423,-1.150961,0.0,0.257125
occupation_Priv-house-serv,-0.087288,0.001406,-2.575771,-4.152734,-0.998808,0.001368,0.076095
occupation_Protective-serv,-0.066149,3e-06,-0.190211,-0.407607,0.027186,0.08637,0.826785
occupation_Sales,-0.065084,0.0,-0.341069,-0.471996,-0.210143,0.0,0.71101
occupation_Tech-support,-0.042767,0.000339,0.010253,-0.176597,0.197103,0.914352,1.010306
occupation_Transport-moving,-0.148583,0.0,-0.718423,-0.893659,-0.543188,0.0,0.48752
race_Amer-Indian-Eskimo,-0.046657,0.013033,-0.49308,-0.907173,-0.078988,0.019605,0.610742
race_Asian-Pac-Islander,-0.010778,0.341047,0.025976,-0.177228,0.22918,0.802166,1.026316
race_Black,-0.019354,0.002299,-0.236772,-0.374399,-0.099146,0.000746,0.789171
race_Other,-0.014488,0.4696,-0.101855,-0.538904,0.335193,0.647833,0.90316
sex_Male,0.037001,0.0,0.159928,0.064214,0.255642,0.001057,1.173426
native_country_Non-US,0.000544,0.939912,-0.169634,-0.312924,-0.026343,0.020325,0.843974
job_missing,-0.137387,0.0,-1.303256,-1.513629,-1.092883,0.0,0.271646
country_missing,-0.030672,0.02585,-0.237384,-0.486336,0.011569,0.061639,0.788689
