,full_coef,full_p,reduced_coef,change,pct_change,abs_change
sex_Male,0.159928,0.001057,1.132063,0.972135,607.859032,0.972135
workclass_No-pay,-0.761119,0.34666,-0.285286,0.475834,62.51762,0.475834
race_Black,-0.236772,0.000746,-0.458634,-0.221861,-93.702434,0.221861
age,0.361581,0.0,0.582742,0.221161,61.16505,0.221161
occupation_Machine-op-inspct,-0.888559,0.0,-0.695916,0.192643,21.680428,0.192643
occupation_Craft-repair,-0.541668,0.0,-0.363962,0.177706,32.807207,0.177706
occupation_Transport-moving,-0.718423,0.0,-0.552957,0.165467,23.031897,0.165467
race_Amer-Indian-Eskimo,-0.49308,0.019605,-0.632014,-0.138934,-28.176747,0.138934
workclass_Self-emp-inc,0.179236,0.025988,0.311801,0.132565,73.96129,0.132565
occupation_Priv-house-serv,-2.575771,0.001368,-2.70609,-0.130319,-5.059424,0.130319
occupation_Protective-serv,-0.190211,0.08637,-0.074138,0.116073,61.023331,0.116073
workclass_Self-emp-not-inc,-0.512834,0.0,-0.400928,0.111907,21.821224,0.111907
occupation_Farming-fishing,-1.563807,0.0,-1.461971,0.101836,6.512085,0.101836
race_Other,-0.101855,0.647833,-0.190387,-0.088532,-86.919361,0.088532
education_num,0.757155,0.0,0.681806,-0.075349,-9.951593,0.075349
occupation_Other-service,-1.358192,0.0,-1.433361,-0.075169,-5.534497,0.075169
native_country_Non-US,-0.169634,0.020325,-0.099964,0.069669,41.070515,0.069669
occupation_Exec-managerial,0.211686,0.000361,0.270246,0.058561,27.663984,0.058561
occupation_Sales,-0.341069,0.0,-0.289009,0.05206,15.263763,0.05206
workclass_Government,-0.018761,0.710843,0.026148,0.044909,239.375369,0.044909
job_missing,-1.303256,0.0,-1.258517,0.044739,3.432892,0.044739
occupation_Tech-support,0.010253,0.914352,-0.027763,-0.038016,-370.774077,0.038016
race_Asian-Pac-Islander,0.025976,0.802166,0.052696,0.02672,102.865458,0.02672
hours_per_week,0.368277,0.0,0.389507,0.02123,5.764643,0.02123
occupation_Handlers-cleaners,-1.248682,0.0,-1.229857,0.018826,1.507647,0.018826
capital_gain,0.514136,0.0,0.498433,-0.015702,-3.054126,0.015702
country_missing,-0.237384,0.061639,-0.248435,-0.011051,-4.655404,0.011051
occupation_Adm-clerical,-0.5074,0.0,-0.512062,-0.004661,-0.918695,0.004661
capital_loss,0.234745,0.0,0.234361,-0.000384,-0.163575,0.000384
