,error_type,p,y,age,sex,race,marital_status,education,occupation,hours_per_week,relationship
47648,confident FN,0.161995348481284,1,33,Male,White,Married,HS-grad,Machine-op-inspct,40,Husband
34320,confident FN,0.08590414305438299,1,26,Male,White,Never-married,Bachelors,Prof-specialty,40,Not-in-family
41952,confident FN,0.11936994252791477,1,38,Male,White,Never-married,Bachelors,Prof-specialty,41,Not-in-family
22315,confident FN,0.22313511805082525,1,54,Female,White,Married,HS-grad,Machine-op-inspct,40,Wife
39589,confident FN,0.09948761421126488,1,33,Male,White,Never-married,Bachelors,Sales,50,Not-in-family
3190,confident FN,0.19384448075574334,1,39,Male,White,Married,10th,Craft-repair,60,Husband
40986,confident FN,0.17579039466043533,1,34,Female,White,Div-Sep,Bachelors,Prof-specialty,50,Not-in-family
39963,confident FN,0.19283603383412462,1,41,Male,White,Married,HS-grad,Machine-op-inspct,40,Husband
43070,confident FN,0.1132062383820454,1,64,Male,White,Married,7th-8th,Transport-moving,48,Husband
22596,confident FN,0.21426579965943024,1,38,Female,White,Never-married,Prof-school,Prof-specialty,50,Not-in-family
26177,confident FN,0.15493624094037453,1,31,Male,White,Married,HS-grad,Machine-op-inspct,40,Husband
9891,confident FN,0.1870308134675424,1,50,Male,White,Div-Sep,Bachelors,Protective-serv,40,Not-in-family
4772,confident FN,0.1676773591891166,1,66,Female,White,Div-Sep,Some-college,Other-service,40,Other-relative
16174,confident FN,0.13711629768144878,1,37,Male,Black,Married,Some-college,Handlers-cleaners,40,Husband
37812,confident FN,0.22038960243595296,1,39,Female,White,Married,HS-grad,Adm-clerical,40,Wife
44008,confident FN,0.20735155759733376,1,38,Male,White,Married,HS-grad,Transport-moving,40,Husband
12208,confident FN,0.16773357676289397,1,45,Male,White,Div-Sep,Bachelors,Protective-serv,40,Not-in-family
26080,confident FN,0.18371936904677263,1,39,Male,White,Never-married,Bachelors,Exec-managerial,50,Not-in-family
16817,confident FN,0.19586658687173164,1,48,Male,White,Married,HS-grad,Craft-repair,40,Husband
5939,confident FN,0.07828251721577835,1,37,Female,White,Married,HS-grad,Other-service,30,Wife
21875,confident FN,0.2480596823242439,1,31,Male,White,Married,HS-grad,Exec-managerial,40,Husband
26478,confident FN,0.18472926441594514,1,39,Male,White,Married,HS-grad,Machine-op-inspct,40,Husband
1722,confident FN,0.15707617466923465,1,38,Male,White,Div-Sep,Bachelors,Sales,48,Not-in-family
2164,confident FN,0.05713054418663344,1,47,Female,White,Married,HS-grad,Prof-specialty,8,Wife
3926,confident FN,0.10982258983078644,1,52,Male,White,Div-Sep,Some-college,Prof-specialty,40,Not-in-family
1603,confident FN,0.22358075147414527,1,57,Male,Black,Married,HS-grad,Machine-op-inspct,40,Husband
7589,confident FN,0.1908449275830506,1,36,Male,White,Married,HS-grad,Machine-op-inspct,44,Husband
5395,confident FN,0.09079661226291613,1,23,Male,White,Never-married,Bachelors,Adm-clerical,40,Own-child
16697,confident FN,0.19343335804160422,1,30,Male,White,Married,Some-college,Machine-op-inspct,40,Husband
30285,confident FN,0.02476618921173572,1,37,Male,White,Div-Sep,HS-grad,Machine-op-inspct,40,Unmarried
21200,confident FN,0.24711989484926405,1,53,Male,White,Married,HS-grad,Machine-op-inspct,40,Husband
5934,confident FN,0.1883455811380152,1,52,Female,White,Div-Sep,Some-college,Adm-clerical,16,Not-in-family
34732,confident FN,0.08751219147979851,1,27,Male,White,Never-married,HS-grad,Prof-specialty,40,Not-in-family
8854,confident FN,0.14084136978443035,1,31,Male,Amer-Indian-Eskimo,Married,HS-grad,Adm-clerical,40,Husband
7206,confident FN,0.19343335804160422,1,30,Male,White,Married,Some-college,Machine-op-inspct,40,Husband
47165,confident FN,0.10323103362948716,1,31,Female,White,Never-married,Bachelors,Exec-managerial,40,Not-in-family
13244,confident FN,0.21159706277462495,1,33,Male,White,Married,HS-grad,Craft-repair,40,Husband
43489,confident FP,0.873401213499871,0,31,Male,White,Married,Bachelors,Prof-specialty,32,Husband
45784,confident FP,0.872871134152668,0,56,Male,White,Married,Masters,Prof-specialty,60,Husband
32913,confident FP,0.7756112638790583,0,28,Female,Asian-Pac-Islander,Married,Bachelors,Prof-specialty,40,Wife
16690,confident FP,0.7692874298583826,0,44,Male,White,Married,Masters,Exec-managerial,40,Husband
25894,confident FP,0.9299542605569946,0,66,Male,White,Married,Bachelors,Exec-managerial,70,Husband
46526,confident FP,0.9358033793951418,0,62,Female,White,Married,Bachelors,Exec-managerial,35,Wife
47030,confident FP,0.8637850045007348,0,45,Male,White,Married,Masters,Exec-managerial,60,Husband
34780,confident FP,0.902470074304623,0,55,Male,White,Married,Prof-school,Prof-specialty,55,Husband
27328,confident FP,0.8434901431524428,0,50,Male,White,Married,Bachelors,Exec-managerial,60,Husband
20213,confident FP,0.7798715221446763,0,43,Male,White,Married,Masters,Prof-specialty,50,Husband
27948,confident FP,0.7605119769071723,0,51,Male,White,Married,Assoc-voc,Other-service,55,Husband
9637,confident FP,0.7875493273634881,0,33,Male,White,Married,Doctorate,Prof-specialty,40,Husband
7459,confident FP,0.796067418497492,0,32,Male,Asian-Pac-Islander,Married,Bachelors,Prof-specialty,40,Husband
