threshold,DP,EO,PP,TPR_ratio,FPR_ratio,accuracy,flagged_pct,sel_A,tpr_A,fpr_A,ppv_A,acc_A,n_flagged_A,n_fp_A,n_tp_A,sel_B,tpr_B,fpr_B,ppv_B,acc_B,n_flagged_B,n_fp_B,n_tp_B
0.05,0.600289,0.612312,0.577702,0.974741,0.612312,0.614197,61.699802,0.428079,0.960967,0.362892,0.244676,0.672407,2113,1596,517,0.713122,0.985868,0.592659,0.423533,0.584579,6918,3988,2930
0.15,0.358152,0.320077,0.856804,0.862531,0.320077,0.757532,44.278199,0.202391,0.80855,0.12824,0.435435,0.86487,999,564,435,0.565096,0.937416,0.400654,0.508209,0.702917,5482,2696,2786
0.25,0.285366,0.243975,0.928574,0.744807,0.243975,0.81089,34.37863,0.129254,0.637546,0.067076,0.537618,0.900729,638,295,343,0.452943,0.855989,0.274929,0.578971,0.765179,4394,1850,2544
0.35,0.260186,0.210407,0.978435,0.715553,0.210407,0.836988,27.232356,0.094408,0.54461,0.039336,0.628755,0.915316,466,173,293,0.362849,0.761104,0.186952,0.642614,0.797134,3520,1258,2262
0.45,0.238393,0.189481,0.990807,0.663908,0.189481,0.844777,21.725763,0.069692,0.44052,0.024329,0.688953,0.917342,344,107,237,0.292341,0.663526,0.128399,0.695346,0.807855,2836,864,1972
0.55,0.214168,0.155069,1.024452,0.616696,0.155069,0.84423,17.312291,0.050446,0.351301,0.013643,0.759036,0.917139,249,60,189,0.235543,0.56965,0.087977,0.740919,0.807133,2285,592,1693
0.65,0.186962,0.121109,1.046588,0.54999,0.121109,0.834871,13.055954,0.03363,0.252788,0.006821,0.819277,0.91248,166,30,136,0.179878,0.459623,0.056323,0.782808,0.795382,1745,379,1366
0.75,0.153231,0.098466,1.036054,0.446226,0.098466,0.817722,8.690305,0.018639,0.14684,0.002956,0.858696,0.904376,92,13,79,0.121637,0.329071,0.030019,0.828814,0.773632,1180,202,978
0.85,0.160995,0.060395,1.068962,0.483727,0.060395,0.797226,4.782401,0.010737,0.092937,0.000682,0.943396,0.900527,53,3,50,0.066694,0.192127,0.011294,0.882535,0.744665,647,76,571
0.95,0.112843,0.0,1.050251,0.333115,0.0,0.773929,1.509872,0.002431,0.022305,0.0,1.0,0.893436,12,0,12,0.021544,0.066958,0.001486,0.952153,0.713122,209,10,199
